Title,Company,Location,URL
Mechanical Design Engineer,Tata Elxsi,"Santa Clara, CA",https://www.linkedin.com/jobs/view/mechanical-design-engineer-at-tata-elxsi-4317247064
Mechanical Design Engineer,Sparx Engineering,"Dallas, TX",https://www.linkedin.com/jobs/view/mechanical-design-engineer-at-sparx-engineering-4331168933
Mechanical Engineer,Acorn Product Development,"Waltham, MA",https://www.linkedin.com/jobs/view/mechanical-engineer-at-acorn-product-development-4331195011
Junior Mechanical Engineer,Maybell Quantum,"Denver, CO",https://www.linkedin.com/jobs/view/junior-mechanical-engineer-at-maybell-quantum-4331371093
Mechanical Engineer,The Recruiting Guy,"Santa Clara, CA",https://www.linkedin.com/jobs/view/mechanical-engineer-at-the-recruiting-guy-4318626061
"Mechanical Engineer, Early Career",Helion,"Everett, WA",https://www.linkedin.com/jobs/view/mechanical-engineer-early-career-at-helion-4265032275
Mechanical Engineer | $200K/yr Remote,Crossing Hurdles,United States,https://www.linkedin.com/jobs/view/mechanical-engineer-%24200k-yr-remote-at-crossing-hurdles-4331132871
Mechanical Engineer,The Recruiting Guy,"Cambridge, MA",https://www.linkedin.com/jobs/view/mechanical-engineer-at-the-recruiting-guy-4318625162
Mechanical Engineer,The Recruiting Guy,"San Antonio, Texas Metropolitan Area",https://www.linkedin.com/jobs/view/mechanical-engineer-at-the-recruiting-guy-4318623245
Mechanical Design Engineer II,Cirtec Medical,"Brooklyn Park, MN",https://www.linkedin.com/jobs/view/mechanical-design-engineer-ii-at-cirtec-medical-4289912886
"Launch Engineer, Mechanical/Fluids (Starship Launch Pad)",SpaceX,"Texas, United States",https://www.linkedin.com/jobs/view/launch-engineer-mechanical-fluids-starship-launch-pad-at-spacex-4101526123
Mechanical Design Engineer,Geo. M. Martin Company,"Emeryville, CA",https://www.linkedin.com/jobs/view/mechanical-design-engineer-at-geo-m-martin-company-4318379414
Mechanical Engineer,The Recruiting Guy,"Boston, MA",https://www.linkedin.com/jobs/view/mechanical-engineer-at-the-recruiting-guy-4318614412
Sr. Mechanical Design Engineer,Cirtec Medical,"Brooklyn Park, MN",https://www.linkedin.com/jobs/view/sr-mechanical-design-engineer-at-cirtec-medical-4289911335
Mechanical Engineer,The Recruiting Guy,"Newton, MA",https://www.linkedin.com/jobs/view/mechanical-engineer-at-the-recruiting-guy-4318618368
Mechanical Engineer,The Recruiting Guy,"Sunnyvale, CA",https://www.linkedin.com/jobs/view/mechanical-engineer-at-the-recruiting-guy-4318623242
Mechanical Engineer,The Recruiting Guy,"San Jose, CA",https://www.linkedin.com/jobs/view/mechanical-engineer-at-the-recruiting-guy-4318622263
Mechanical Engineer,"Liberty Personnel Services, Inc.","New York, NY",https://www.linkedin.com/jobs/view/mechanical-engineer-at-liberty-personnel-services-inc-4308254298
Mechanical Engineer,The Recruiting Guy,"Houston, TX",https://www.linkedin.com/jobs/view/mechanical-engineer-at-the-recruiting-guy-4318611742
Mechanical Engineer (Entry-Level),SMP Engineering Inc,"Glendale, CA",https://www.linkedin.com/jobs/view/mechanical-engineer-entry-level-at-smp-engineering-inc-4280224333
"Engineer I, Mechanical",Universal Orlando Resort,"Orlando, FL",https://www.linkedin.com/jobs/view/engineer-i-mechanical-at-universal-orlando-resort-4309866053
Mechanical Engineer,Engtal,San Francisco Bay Area,https://www.linkedin.com/jobs/view/mechanical-engineer-at-engtal-4318378829
Mechanical Engineer,Mote,"Los Angeles, CA",https://www.linkedin.com/jobs/view/mechanical-engineer-at-mote-4331171114
Design Engineer - Mechanical Systems,Robinson Helicopter Company,"Torrance, CA",https://www.linkedin.com/jobs/view/design-engineer-mechanical-systems-at-robinson-helicopter-company-4236271032
Mechanical Engineers,Scientific Search,"Boston, MA",https://www.linkedin.com/jobs/view/mechanical-engineers-at-scientific-search-4317218873
"Mechanical Engineer, Entry Level",DLR Group,"Dallas, TX",https://www.linkedin.com/jobs/view/mechanical-engineer-entry-level-at-dlr-group-4286316436
Mechanical System Engineer – Humanoid Robotics,Proception.AI,"Palo Alto, CA",https://www.linkedin.com/jobs/view/mechanical-system-engineer-%E2%80%93-humanoid-robotics-at-proception-ai-4318653254
Mechanical Engineer – Product Development,Siemens,"Grand Prairie, TX",https://www.linkedin.com/jobs/view/mechanical-engineer-%E2%80%93-product-development-at-siemens-4318360984
Mechanical Engineer (Mid-Level),SMP Engineering Inc,"Glendale, CA",https://www.linkedin.com/jobs/view/mechanical-engineer-mid-level-at-smp-engineering-inc-4291371058
Product Design Engineer,"Aries Electronics, Inc.","Bristol, PA",https://www.linkedin.com/jobs/view/product-design-engineer-at-aries-electronics-inc-4331131682
"Mechanical Engineer, Robot HeadNew",Figure,"Sunnyvale, CA",https://www.linkedin.com/jobs/view/mechanical-engineer-robot-headnew-at-figure-4318666798
Mechanical Design Engineer,SV MICROWAVE,"West Palm Beach, FL",https://www.linkedin.com/jobs/view/mechanical-design-engineer-at-sv-microwave-4305349870
Conveyor Mechanical Execution Engineer,General Motors,"Warren, MI",https://www.linkedin.com/jobs/view/conveyor-mechanical-execution-engineer-at-general-motors-4309648168
Mechanical Engineer,Roche,"Indianapolis, IN",https://www.linkedin.com/jobs/view/mechanical-engineer-at-roche-4278052373
Mechanical Engineer,Global Recruiters of Bentonville (GRN),Atlanta Metropolitan Area,https://www.linkedin.com/jobs/view/mechanical-engineer-at-global-recruiters-of-bentonville-grn-4318393127
Mechanical Engineer,Belcan,"Mossville, IL",https://www.linkedin.com/jobs/view/mechanical-engineer-at-belcan-4316787857
Mechanical Engineer,Intellectt Inc,"Anaheim, CA",https://www.linkedin.com/jobs/view/mechanical-engineer-at-intellectt-inc-4318373260
Design Engineer II,Humanscale,"New York, NY",https://www.linkedin.com/jobs/view/design-engineer-ii-at-humanscale-4316785978
Associate Mechanical Engineer,Abbott,"Irving, TX",https://www.linkedin.com/jobs/view/associate-mechanical-engineer-at-abbott-4331168673
Mechanical Engineer,Consumers Energy,"Michigan, United States",https://www.linkedin.com/jobs/view/mechanical-engineer-at-consumers-energy-4318383799
Mechanical Engineer,Realta Fusion,"Madison, WI",https://www.linkedin.com/jobs/view/mechanical-engineer-at-realta-fusion-4331305801
Product Development Engineer,BWise Trailers,"Chambersburg, PA",https://www.linkedin.com/jobs/view/product-development-engineer-at-bwise-trailers-4298916417
Mechanical Design & Development Engineer,Groupe SEB,"Montebello, CA",https://www.linkedin.com/jobs/view/mechanical-design-development-engineer-at-groupe-seb-4288966894
Mechanical Design Engineer,Altron Automation,"Hudsonville, MI",https://www.linkedin.com/jobs/view/mechanical-design-engineer-at-altron-automation-4317422146
Mechanical Project Engineer,G&G Technologies,"North Kingstown, RI",https://www.linkedin.com/jobs/view/mechanical-project-engineer-at-g-g-technologies-4331188487
Design Engineer (Mechanical),Rite-Hite,"Dubuque, IA",https://www.linkedin.com/jobs/view/design-engineer-mechanical-at-rite-hite-4261192467
Product Development Engineer,Onkos Surgical,"Parsippany, NJ",https://www.linkedin.com/jobs/view/product-development-engineer-at-onkos-surgical-4331399627
Mechanical Design Engineer,Insight Global,"Monroe, NC",https://www.linkedin.com/jobs/view/mechanical-design-engineer-at-insight-global-4318397730
Staff Product Design Engineer,Sony Interactive Entertainment,"San Mateo, CA",https://www.linkedin.com/jobs/view/staff-product-design-engineer-at-sony-interactive-entertainment-4317226537
Mechanical Engineering Specialist | $200K/yr Remote,Crossing Hurdles,United States,https://www.linkedin.com/jobs/view/mechanical-engineering-specialist-%24200k-yr-remote-at-crossing-hurdles-4331129926
Mechanical Engineer,Rapat Corporation,"Hawley, MN",https://www.linkedin.com/jobs/view/mechanical-engineer-at-rapat-corporation-4331325059
Mechanical Design Engineer,Element Staffing Services,"Houston, TX",https://www.linkedin.com/jobs/view/mechanical-design-engineer-at-element-staffing-services-4331179009
Product Development Engineer,AMD,"Austin, TX",https://www.linkedin.com/jobs/view/product-development-engineer-at-amd-4261196581
Mechanical Engineer,Dhillon Engineering Inc.,"Owings Mills, MD",https://www.linkedin.com/jobs/view/mechanical-engineer-at-dhillon-engineering-inc-4318369067
Mechanical Design Engineer,Global Connect Technologies,"Peoria, IL",https://www.linkedin.com/jobs/view/mechanical-design-engineer-at-global-connect-technologies-4331145642
Design Engineer III,Humanscale,New York City Metropolitan Area,https://www.linkedin.com/jobs/view/design-engineer-iii-at-humanscale-4316788954
Mechanical Design Engineer,US Tech Solutions,"Waterloo, IA",https://www.linkedin.com/jobs/view/mechanical-design-engineer-at-us-tech-solutions-4317222903
Staff Mechanical Engineer,GoPro,"San Mateo, CA",https://www.linkedin.com/jobs/view/staff-mechanical-engineer-at-gopro-4250824161
"Product Design Engineer, In House Cell Engineering",Tesla,"Fremont, CA",https://www.linkedin.com/jobs/view/product-design-engineer-in-house-cell-engineering-at-tesla-4331313269
Mechanical Engineer,NAM Info Inc,"Los Angeles, CA",https://www.linkedin.com/jobs/view/mechanical-engineer-at-nam-info-inc-4331183422
